id_pesquisa,id_aluno,id_treino,timestamp,nota_ambiente,nota_aparelhos,nota_professores,nps
1,1,1,2025-11-09 06:32:16.081,4,4,3,8
2,2,2,2025-11-08 16:17:00.777,3,2,3,4
3,3,3,2025-11-08 16:10:06.256,4,4,5,10
4,4,1,2025-04-08 13:09:43.000,5,5,4,9
5,5,2,2025-04-08 13:09:43.000,3,3,4,7
6,6,4,2025-04-08 02:22:14.000,4,3,4,7
7,7,5,2025-04-08 01:10:01.000,2,3,4,7
8,8,1,2025-04-08 00:04:25.000,3,3,5,8
9,9,6,2025-04-07 21:23:12.000,3,3,4,7
10,10,6,2025-04-06 19:50:10.000,3,2,4,6
11,11,1,2025-04-06 17:53:15.000,3,4,4,8
12,12,5,2025-04-06 11:09:14.000,5,5,5,10
13,13,4,2025-04-06 10:45:56.000,5,4,5,9
14,14,5,2025-04-06 09:43:47.000,5,4,4,8
15,15,5,2025-04-05 15:21:21.000,5,5,4,9
16,16,7,2025-04-05 11:58:02.000,5,4,5,9
17,17,6,2025-04-05 10:29:40.000,5,4,5,9
18,18,5,2025-04-05 06:18:10.000,3,4,5,9
19,19,6,2025-04-05 04:25:47.000,5,5,4,9
20,20,8,2025-04-04 21:41:43.000,3,3,3,6
21,21,6,2025-04-04 12:21:11.000,3,5,5,10
22,22,6,2025-04-04 12:02:10.000,5,5,4,9
23,23,2,2025-04-04 08:30:23.000,3,5,4,9
24,24,7,2025-04-04 07:28:25.000,3,4,3,7
25,25,7,2025-04-04 02:55:42.000,3,5,5,10
26,26,7,2025-04-03 22:30:39.000,4,4,4,8
27,27,3,2025-04-03 19:13:53.000,3,4,4,8
28,28,6,2025-04-03 15:39:20.000,4,5,4,9
29,29,8,2025-04-03 15:22:54.000,3,4,4,8
30,30,8,2025-04-03 03:52:57.000,4,4,4,8
31,31,5,2025-04-03 03:00:13.000,4,5,3,8
32,32,9,2025-04-03 02:53:49.000,2,4,3,7
33,33,5,2025-04-02 16:10:13.000,4,2,4,6
34,34,1,2025-04-02 13:04:21.000,4,3,4,7
35,35,2,2025-04-02 07:51:02.000,5,4,5,9
36,36,5,2025-04-01 12:02:45.000,4,5,4,9
37,37,1,2025-03-31 17:08:56.000,4,5,4,9
38,38,8,2025-03-31 14:57:09.000,4,5,5,10
39,39,5,2025-03-31 12:12:30.000,4,2,4,6
40,40,7,2025-03-31 09:44:51.000,3,3,4,7
41,41,5,2025-03-31 06:34:11.000,4,4,3,7
42,42,3,2025-03-31 04:02:36.000,4,5,4,9
43,43,3,2025-03-30 20:20:23.000,3,5,5,10
44,44,2,2025-03-30 16:04:57.000,5,5,4,9
45,45,8,2025-03-30 11:33:37.000,5,5,4,9
46,46,1,2025-03-30 10:25:41.000,5,5,3,8
47,47,2,2025-03-30 06:16:32.000,4,5,4,9
48,48,2,2025-03-29 14:36:59.000,4,5,5,10
49,49,7,2025-03-29 02:32:35.000,5,5,5,10
50,50,5,2025-03-28 11:16:37.000,2,2,4,6
51,51,2,2025-03-28 07:30:54.000,3,4,5,9
52,52,1,2025-03-27 19:34:34.000,5,5,3,8
53,53,5,2025-03-27 16:18:48.000,4,5,4,9
54,54,7,2025-03-27 11:12:23.000,4,4,4,8
55,55,2,2025-03-27 06:09:14.000,3,5,4,9
56,56,2,2025-03-27 02:25:45.000,3,5,2,7
57,57,3,2025-03-26 20:03:53.000,3,3,4,7
58,58,5,2025-03-26 10:11:52.000,5,4,4,8
59,59,1,2025-03-26 03:30:47.000,5,4,4,8
60,60,4,2025-03-26 03:29:37.000,4,5,4,9
61,61,6,2025-03-25 17:52:12.000,5,5,4,9
62,62,3,2025-03-25 11:31:13.000,4,5,3,8
63,63,6,2025-03-25 07:31:06.000,4,5,4,9
64,64,6,2025-03-25 03:04:11.000,5,5,4,9
65,65,5,2025-03-25 00:02:39.000,5,5,5,10
66,66,5,2025-03-24 21:21:32.000,4,5,5,10
67,67,6,2025-03-24 19:22:26.000,4,5,4,9
68,68,2,2025-03-24 16:05:58.000,2,2,2,4
69,69,5,2025-03-24 14:35:40.000,3,4,5,9
70,70,2,2025-03-24 04:06:58.000,5,4,4,8
71,71,1,2025-03-23 23:13:41.000,5,4,4,8
72,72,4,2025-03-23 19:35:01.000,4,5,4,9
73,73,6,2025-03-23 14:07:46.000,5,5,4,9
74,74,1,2025-03-23 11:32:37.000,4,5,4,9
75,75,5,2025-03-23 05:53:59.000,5,4,4,8
76,76,5,2025-03-22 18:56:56.000,5,5,4,9
77,77,7,2025-03-22 08:50:32.000,5,3,5,8
78,78,6,2025-03-22 05:24:32.000,5,5,5,10
79,79,6,2025-03-22 04:52:50.000,4,5,4,9
80,80,5,2025-03-22 03:51:43.000,3,4,3,7
81,81,1,2025-03-22 01:13:33.000,4,2,5,7
82,82,5,2025-03-21 21:57:58.000,4,2,5,7
83,83,4,2025-03-21 15:53:24.000,5,5,3,8
84,84,6,2025-03-21 10:45:07.000,3,5,4,9
85,85,6,2025-03-21 09:39:37.000,3,4,5,9
86,86,5,2025-03-21 05:28:09.000,3,5,2,7
87,87,3,2025-03-21 04:12:05.000,4,5,5,10
88,88,1,2025-03-20 16:36:04.000,3,5,4,9
89,89,5,2025-03-20 11:43:02.000,4,5,4,9
90,90,1,2025-03-19 06:02:25.000,4,5,4,9
91,91,4,2025-03-19 01:14:54.000,2,3,4,7
92,92,5,2025-03-18 13:44:34.000,4,5,3,8
93,93,2,2025-03-18 02:15:39.000,5,5,3,8
94,94,1,2025-03-17 22:55:05.000,5,4,4,8
95,95,1,2025-03-17 21:20:24.000,3,5,4,9
96,96,6,2025-03-17 09:13:53.000,4,5,4,9
97,97,6,2025-03-17 00:06:04.000,5,5,3,8
98,98,2,2025-03-16 21:37:46.000,5,5,4,9
99,99,7,2025-03-16 18:04:12.000,4,2,4,6
100,100,5,2025-03-16 17:03:44.000,3,5,5,10
101,101,5,2025-03-16 05:19:13.000,3,4,4,8
102,102,6,2025-03-16 03:34:33.000,4,4,5,9
103,103,5,2025-03-16 00:40:22.000,4,3,4,7
104,104,7,2025-03-15 21:53:21.000,4,4,5,9
105,105,5,2025-03-15 16:41:58.000,5,4,5,9
106,106,6,2025-03-15 10:18:53.000,4,2,4,6
107,107,4,2025-03-15 09:46:52.000,5,5,3,8
108,108,3,2025-03-14 19:06:06.000,3,2,4,6
109,109,5,2025-03-14 10:11:45.000,4,4,5,9
110,110,4,2025-03-14 07:55:49.000,5,5,4,9
111,111,7,2025-03-14 06:58:15.000,4,3,4,7
112,112,6,2025-03-14 06:26:33.000,4,5,5,10
113,113,5,2025-03-14 03:38:07.000,3,2,4,6
114,114,1,2025-03-13 19:09:50.000,5,5,5,10
115,115,7,2025-03-13 18:22:58.000,5,5,4,9
116,116,7,2025-03-13 17:18:36.000,2,4,2,6
117,117,5,2025-03-13 16:28:01.000,4,4,4,8
118,118,5,2025-03-13 03:29:38.000,4,4,5,9
119,119,3,2025-03-12 13:57:17.000,4,4,5,9
120,120,5,2025-03-12 11:17:21.000,3,4,5,9
121,121,1,2025-03-12 10:59:33.000,5,5,4,9
122,122,3,2025-03-12 07:21:35.000,3,5,4,9
123,123,1,2025-03-12 04:10:35.000,3,5,4,9
124,124,1,2025-03-12 01:18:16.000,5,4,4,8
125,125,1,2025-03-11 23:44:46.000,4,4,3,7
126,126,1,2025-03-11 19:44:46.000,4,3,4,7
127,127,8,2025-03-11 19:39:13.000,4,4,4,8
128,128,5,2025-03-11 08:42:48.000,5,4,4,8
129,129,8,2025-03-11 05:04:18.000,4,5,5,10
130,130,9,2025-03-11 04:47:04.000,4,5,4,9
131,131,2,2025-03-11 03:07:33.000,4,5,4,9
132,132,2,2025-03-11 03:05:22.000,5,4,4,8
133,133,5,2025-03-11 02:51:41.000,5,5,4,9
134,134,5,2025-03-11 00:40:57.000,4,2,5,7
135,135,7,2025-03-10 13:12:09.000,3,2,5,7
136,136,6,2025-03-10 10:26:41.000,5,5,4,9
137,137,5,2025-03-10 08:42:06.000,3,4,4,8
138,138,2,2025-03-10 04:42:58.000,4,4,5,9
139,139,5,2025-03-10 01:50:57.000,3,2,5,7
140,140,4,2025-03-09 21:08:20.000,4,5,4,9
141,141,5,2025-03-09 19:57:45.000,3,2,5,7
142,142,3,2025-03-09 05:39:14.000,3,5,5,10
143,143,1,2025-03-09 01:38:58.000,4,4,5,9
144,144,5,2025-03-09 00:44:10.000,4,5,4,9
145,145,3,2025-03-08 20:56:25.000,5,4,5,9
146,146,1,2025-03-08 20:16:53.000,4,4,5,9
147,147,3,2025-03-08 18:39:49.000,5,4,5,9
148,148,6,2025-03-08 17:58:02.000,4,2,4,6
149,149,4,2025-03-07 09:12:52.000,5,4,4,8
150,150,1,2025-03-06 21:48:47.000,4,5,4,9
151,151,2,2025-03-06 20:14:10.000,5,5,4,9
152,152,3,2025-03-06 00:08:08.000,4,5,4,9
153,153,1,2025-03-05 18:53:27.000,5,5,4,9
154,154,5,2025-03-05 08:53:45.000,5,5,4,9
155,155,2,2025-03-05 08:20:44.000,4,2,5,7
156,156,6,2025-03-04 21:38:32.000,4,5,4,9
157,157,5,2025-03-04 18:12:38.000,5,5,3,8
158,158,3,2025-03-04 11:54:21.000,4,5,4,9
159,159,8,2025-03-04 09:15:25.000,3,2,4,6
160,160,1,2025-03-04 03:32:16.000,3,2,5,7
161,161,5,2025-03-04 01:04:25.000,4,5,4,9
162,162,4,2025-03-03 23:51:20.000,4,3,4,7
163,163,5,2025-03-03 17:57:53.000,4,5,5,10
164,164,3,2025-03-03 16:08:39.000,5,5,5,10
165,165,2,2025-03-03 15:54:26.000,4,4,5,9
166,166,5,2025-03-03 11:39:48.000,5,5,4,9
167,167,3,2025-03-03 05:21:40.000,4,5,4,9
168,168,3,2025-03-03 01:11:43.000,5,4,4,8
169,169,7,2025-03-02 18:51:37.000,4,5,4,9
170,170,5,2025-03-02 15:16:49.000,3,4,2,6
171,171,2,2025-03-02 10:05:45.000,4,4,4,8
172,172,6,2025-03-02 06:55:42.000,5,5,4,9
173,173,7,2025-03-02 06:02:04.000,4,5,3,8
174,174,5,2025-03-01 21:48:16.000,5,5,5,10
175,175,8,2025-03-01 07:16:51.000,3,2,4,6
176,176,5,2025-03-01 04:15:44.000,5,5,3,8
177,177,1,2025-02-28 18:53:05.000,4,4,4,8
178,178,5,2025-02-28 18:15:31.000,4,4,4,8
179,179,7,2025-02-27 23:00:47.000,4,5,5,10
180,180,8,2025-02-27 19:19:08.000,4,4,5,9
181,181,7,2025-02-26 23:23:41.000,4,4,4,8
182,182,1,2025-02-26 21:23:27.000,2,2,3,5
183,183,2,2025-02-26 20:53:26.000,3,4,5,9
184,184,3,2025-02-26 18:45:15.000,5,4,4,8
185,185,5,2025-02-26 17:29:05.000,4,2,5,7
186,186,6,2025-02-26 12:21:30.000,5,5,4,9
187,187,5,2025-02-26 10:19:16.000,4,4,4,8
188,188,2,2025-02-25 16:25:15.000,5,5,4,9
189,189,6,2025-02-25 13:19:38.000,5,4,4,8
190,190,5,2025-02-25 07:56:52.000,3,5,4,9
191,191,5,2025-02-25 05:26:12.000,4,4,5,9
192,192,6,2025-02-25 04:08:00.000,5,4,5,9
193,193,6,2025-02-25 03:37:56.000,4,5,4,9
194,194,9,2025-02-24 19:43:35.000,3,5,4,9
195,195,5,2025-02-24 15:30:00.000,5,3,5,8
196,196,2,2025-02-24 05:47:33.000,3,4,2,6
197,197,6,2025-02-23 22:20:04.000,5,3,5,8
198,198,1,2025-02-23 20:06:36.000,4,4,4,8
199,199,1,2025-02-23 18:30:51.000,4,5,4,9
200,200,5,2025-02-23 18:29:26.000,4,5,5,10
201,201,5,2025-02-23 12:31:26.000,4,4,4,8
202,202,8,2025-02-23 11:52:06.000,4,5,3,8
203,203,3,2025-02-23 01:02:27.000,3,3,4,7
204,204,2,2025-02-22 23:58:36.000,3,5,5,10
205,205,8,2025-02-21 16:03:29.000,4,4,4,8
206,206,7,2025-02-21 15:29:01.000,4,5,4,9
207,207,4,2025-02-21 14:48:17.000,3,4,5,9
208,208,6,2025-02-21 02:23:02.000,4,5,5,10
209,209,8,2025-02-21 01:07:33.000,5,5,5,10
210,210,5,2025-02-21 00:52:31.000,5,5,3,8
211,211,1,2025-02-20 14:54:11.000,4,5,4,9
212,212,6,2025-02-19 00:09:51.000,5,3,5,8
213,213,8,2025-02-18 03:58:21.000,4,5,5,10
214,214,7,2025-02-18 03:01:09.000,4,5,5,10
215,215,6,2025-02-18 00:45:40.000,5,5,4,9
216,216,5,2025-02-17 05:46:05.000,5,5,5,10
217,217,8,2025-02-17 03:50:15.000,4,5,3,8
218,218,9,2025-02-17 03:47:19.000,4,2,5,7
219,219,1,2025-02-16 11:47:05.000,5,4,4,8
220,220,1,2025-02-16 10:25:06.000,5,4,4,8
221,221,6,2025-02-16 00:00:27.000,5,5,5,10
222,222,6,2025-02-15 13:47:35.000,4,3,4,7
223,223,1,2025-02-15 12:55:13.000,3,5,4,9
224,224,6,2025-02-15 11:03:56.000,4,5,5,10
225,225,5,2025-02-15 07:29:52.000,4,4,2,6
226,226,7,2025-02-15 03:24:46.000,5,4,4,8
227,227,8,2025-02-14 22:35:33.000,4,4,5,9
228,228,2,2025-02-14 09:38:09.000,3,2,4,6
229,229,5,2025-02-14 01:36:23.000,4,5,5,10
230,230,2,2025-02-13 22:45:40.000,5,5,5,10
231,231,3,2025-02-13 20:09:00.000,5,4,4,8
232,232,5,2025-02-13 20:01:48.000,4,3,5,8
233,233,6,2025-02-13 10:33:46.000,3,5,5,10
234,234,9,2025-02-13 09:37:20.000,5,5,4,9
235,235,3,2025-02-12 22:46:17.000,4,5,3,8
236,236,7,2025-02-12 21:50:59.000,3,4,5,9
237,237,3,2025-02-12 17:56:49.000,5,5,3,8
238,238,2,2025-02-12 09:40:09.000,4,5,5,10
239,239,5,2025-02-12 05:09:53.000,3,4,4,8
240,240,7,2025-02-11 20:07:42.000,2,4,3,7
241,241,2,2025-02-11 18:16:46.000,5,5,3,8
242,242,9,2025-02-11 16:12:19.000,3,4,5,9
243,243,3,2025-02-11 12:08:46.000,2,2,3,5
244,244,1,2025-02-11 12:03:41.000,4,3,5,8
245,245,6,2025-02-11 10:41:58.000,5,4,4,8
246,246,8,2025-02-11 10:21:31.000,4,5,5,10
247,247,6,2025-02-11 09:50:52.000,5,5,5,10
248,248,6,2025-02-11 09:23:49.000,5,5,5,10
249,249,1,2025-02-10 21:39:13.000,4,2,5,7
250,250,8,2025-02-10 18:40:49.000,3,4,4,8
251,251,3,2025-02-10 00:09:21.000,5,5,5,10
252,252,7,2025-02-09 14:31:37.000,4,5,4,9
253,253,5,2025-02-09 08:07:19.000,2,2,4,6
254,254,4,2025-02-08 20:08:06.000,2,2,5,7
255,255,5,2025-02-08 12:47:34.000,3,4,2,6
256,256,5,2025-02-08 04:38:36.000,4,2,5,7
257,257,5,2025-02-08 00:16:13.000,3,4,2,6
258,258,5,2025-02-07 23:44:08.000,4,4,4,8
259,259,2,2025-02-07 16:50:27.000,5,5,4,9
260,260,3,2025-02-07 14:24:36.000,4,5,4,9
261,261,4,2025-02-07 11:54:28.000,3,3,4,7
262,262,2,2025-02-07 07:42:25.000,3,4,5,9
263,263,5,2025-02-07 04:21:43.000,3,4,4,8
264,264,3,2025-02-07 01:26:21.000,4,5,5,10
265,265,5,2025-02-06 23:39:26.000,4,5,3,8
266,266,3,2025-02-06 17:49:29.000,5,4,4,8
267,267,5,2025-02-06 15:22:02.000,3,4,2,6
268,268,6,2025-02-05 15:29:49.000,5,5,4,9
269,269,5,2025-02-05 15:15:59.000,3,4,5,9
270,270,6,2025-02-05 13:53:13.000,4,2,4,6
271,271,3,2025-02-05 13:05:20.000,5,5,4,9
272,272,2,2025-02-05 10:52:15.000,5,4,4,8
273,273,1,2025-02-05 09:29:29.000,5,5,3,8
274,274,3,2025-02-05 05:33:20.000,2,2,4,6
275,275,6,2025-02-04 08:50:57.000,3,2,5,7
276,276,3,2025-02-04 04:56:36.000,5,5,4,9
277,277,3,2025-02-04 01:19:51.000,5,5,4,9
278,278,6,2025-02-04 01:02:07.000,3,5,5,10
279,279,1,2025-02-03 15:40:47.000,4,5,5,10
280,280,4,2025-02-03 13:09:40.000,4,3,4,7
281,281,4,2025-02-03 12:12:57.000,3,4,5,9
282,282,2,2025-02-03 06:05:47.000,5,4,5,9
283,283,3,2025-02-02 14:29:08.000,4,4,5,9
284,284,2,2025-02-02 13:51:22.000,5,5,5,10
285,285,5,2025-02-02 13:10:57.000,3,3,3,6
286,286,9,2025-02-01 22:05:47.000,5,4,4,8
287,287,3,2025-02-01 20:43:20.000,5,4,4,8
288,288,2,2025-02-01 19:26:12.000,5,4,4,8
289,289,5,2025-02-01 17:27:58.000,5,4,4,8
290,290,7,2025-02-01 02:49:27.000,3,5,4,9
291,291,3,2025-01-31 10:25:13.000,3,2,4,6
292,292,4,2025-01-30 23:35:40.000,4,4,5,9
293,293,2,2025-01-30 08:54:55.000,4,2,5,7
294,294,6,2025-01-30 07:53:56.000,4,5,4,9
295,295,8,2025-01-30 05:32:44.000,3,4,3,7
296,296,6,2025-01-29 21:14:47.000,2,4,2,6
297,297,8,2025-01-29 15:43:27.000,3,5,2,7
298,298,5,2025-01-29 15:07:57.000,3,5,2,7
299,299,5,2025-01-29 12:10:29.000,3,5,4,9
300,300,4,2025-01-29 11:30:04.000,3,5,4,9
301,301,4,2025-01-29 07:37:04.000,5,5,4,9
302,302,5,2025-01-28 21:23:01.000,2,2,3,5
303,303,7,2025-01-28 12:07:51.000,4,4,3,7
304,304,3,2025-01-28 07:08:52.000,4,5,5,10
305,305,2,2025-01-28 02:33:11.000,4,2,5,7
306,306,5,2025-01-28 02:03:59.000,3,2,3,5
307,307,1,2025-01-27 23:08:26.000,3,2,3,5
308,308,5,2025-01-27 20:38:38.000,3,3,4,7
309,309,1,2025-01-27 13:48:36.000,4,4,5,9
310,310,5,2025-01-27 11:54:57.000,5,4,4,8
311,311,6,2025-01-27 02:51:05.000,4,3,4,7
312,312,6,2025-01-26 18:34:22.000,3,3,4,7
313,313,3,2025-01-26 09:54:29.000,4,4,5,9
314,314,5,2025-01-26 01:34:31.000,4,5,3,8
315,315,9,2025-01-25 09:16:44.000,4,5,5,10
316,316,5,2025-01-25 06:42:46.000,5,4,4,8
317,317,5,2025-01-24 10:24:34.000,3,4,5,9
318,318,9,2025-01-23 22:32:36.000,4,3,4,7
319,319,6,2025-01-23 21:14:11.000,4,4,4,8
320,320,5,2025-01-23 07:35:42.000,4,5,5,10
321,321,6,2025-01-22 16:55:37.000,5,5,3,8
322,322,7,2025-01-21 23:07:07.000,2,2,5,7
323,323,5,2025-01-21 18:43:55.000,2,2,4,6
324,324,8,2025-01-21 12:56:21.000,4,5,4,9
325,325,9,2025-01-20 15:09:35.000,5,5,5,10
326,326,3,2025-01-20 07:15:28.000,4,4,5,9
327,327,8,2025-01-19 15:09:59.000,4,4,4,8
328,328,2,2025-01-19 05:22:11.000,4,4,4,8
329,329,4,2025-01-18 19:41:39.000,4,2,4,6
330,330,7,2025-01-18 07:38:47.000,3,2,4,6
331,331,1,2025-01-17 14:20:40.000,3,3,4,7
332,332,3,2025-01-17 11:36:04.000,5,5,4,9
333,333,9,2025-01-16 06:22:34.000,5,5,5,10
334,334,6,2025-01-16 03:44:59.000,3,2,5,7
335,335,3,2025-01-16 03:01:05.000,3,5,5,10
336,336,1,2025-01-15 23:48:42.000,4,5,3,8
337,337,3,2025-01-15 22:24:57.000,4,5,5,10
338,338,5,2025-01-15 15:42:17.000,5,5,5,10
339,339,8,2025-01-15 13:07:17.000,4,4,3,7
340,340,6,2025-01-15 12:18:16.000,5,5,5,10
341,341,5,2025-01-14 20:13:37.000,5,5,4,9
342,342,6,2025-01-14 11:23:04.000,5,5,5,10
343,343,5,2025-01-14 04:52:52.000,5,5,5,10
344,344,3,2025-01-13 18:19:35.000,5,5,5,10
345,345,5,2025-01-13 16:57:13.000,4,4,4,8
346,346,1,2025-01-13 16:14:17.000,3,5,3,8
347,347,9,2025-01-13 13:16:00.000,4,5,5,10
348,348,8,2025-01-13 10:46:58.000,5,4,4,8
349,349,5,2025-01-13 06:16:53.000,3,2,3,5
350,350,5,2025-01-13 04:18:34.000,4,5,3,8
351,351,1,2025-01-12 10:15:03.000,2,3,4,7
352,352,7,2025-01-12 07:51:48.000,5,5,4,9
353,353,1,2025-01-12 04:54:02.000,5,4,4,8
354,354,2,2025-01-12 01:54:12.000,4,2,5,7
355,355,5,2025-01-11 21:15:44.000,5,4,5,9
356,356,4,2025-01-11 18:02:09.000,4,4,2,6
357,357,3,2025-01-11 16:38:54.000,4,4,2,6
358,358,8,2025-01-11 10:44:05.000,5,5,4,9
359,359,7,2025-01-10 18:44:21.000,4,5,5,10
360,360,5,2025-01-10 15:28:34.000,5,5,4,9
361,361,7,2025-01-10 10:17:23.000,5,5,5,10
362,362,2,2025-01-10 04:50:27.000,5,4,5,9
363,363,1,2025-01-10 04:08:42.000,4,3,4,7
364,364,5,2025-01-10 01:03:20.000,5,5,4,9
365,365,1,2025-01-09 16:22:17.000,3,5,4,9
366,366,2,2025-01-09 11:41:47.000,5,5,4,9
367,367,7,2025-01-08 15:52:50.000,3,5,5,10
368,368,6,2025-01-08 14:58:22.000,5,5,5,10
369,369,1,2025-01-08 10:39:15.000,5,4,4,8
370,370,3,2025-01-07 20:40:44.000,5,5,5,10
371,371,7,2025-01-07 18:18:13.000,3,5,4,9
372,372,5,2025-01-07 18:11:42.000,5,5,4,9
373,373,3,2025-01-07 15:55:33.000,5,5,4,9
374,374,1,2025-01-07 14:20:31.000,5,4,4,8
375,375,4,2025-01-07 14:14:56.000,3,4,4,8
376,376,2,2025-01-07 10:06:51.000,5,5,4,9
377,377,2,2025-01-07 07:52:41.000,5,5,4,9
378,378,2,2025-01-07 06:20:55.000,2,2,3,5
379,379,1,2025-01-07 03:19:47.000,4,4,4,8
380,380,5,2025-01-05 22:02:01.000,4,4,5,9
381,381,4,2025-01-05 20:30:29.000,4,4,4,8
382,382,2,2025-01-05 12:22:43.000,5,5,5,10
383,383,3,2025-01-05 05:27:33.000,5,5,5,10
384,384,1,2025-01-05 02:13:23.000,5,5,5,10
385,385,1,2025-01-04 22:48:29.000,4,5,3,8
386,386,6,2025-01-04 13:36:10.000,4,4,4,8
387,387,6,2025-01-04 03:13:10.000,5,5,5,10
388,388,1,2025-01-03 23:48:44.000,3,2,4,6
389,389,1,2025-01-03 21:08:35.000,5,4,4,8
390,390,5,2025-01-03 16:37:29.000,5,4,4,8
391,391,6,2025-01-03 09:36:04.000,4,2,4,6
392,392,2,2025-01-03 08:42:52.000,4,5,4,9
393,393,5,2025-01-03 03:31:55.000,4,3,4,7
394,394,7,2025-01-03 03:22:41.000,3,2,3,5
395,395,2,2025-01-03 00:53:15.000,5,5,5,10
396,396,4,2025-01-03 00:02:50.000,5,5,4,9
397,397,6,2025-01-02 13:59:56.000,5,5,4,9
398,398,5,2025-01-02 04:06:07.000,4,5,2,7
399,399,1,2025-01-01 23:17:25.000,4,5,4,9
400,400,1,2025-01-01 18:29:03.000,4,5,4,9
401,401,6,2025-01-01 15:38:10.000,4,4,4,8
402,402,3,2025-01-01 12:21:21.000,5,5,5,10
403,403,1,2025-01-01 01:51:44.000,4,5,5,10
404,404,4,2025-01-01 00:41:12.000,4,2,4,6
405,405,1,2024-12-31 17:41:32.000,3,5,2,7
406,406,4,2024-12-31 10:41:37.000,2,2,4,6
407,407,6,2024-12-31 08:19:02.000,4,5,4,9
408,408,5,2024-12-31 05:04:01.000,5,5,4,9
409,409,3,2024-12-31 03:36:23.000,3,5,5,10
410,410,2,2024-12-30 20:54:25.000,5,5,4,9
411,411,7,2024-12-30 10:08:27.000,3,5,4,9
412,412,5,2024-12-30 01:32:43.000,4,5,3,8
413,413,5,2024-12-29 22:56:14.000,5,4,5,9
414,414,7,2024-12-29 22:07:59.000,4,5,5,10
415,415,5,2024-12-29 20:46:33.000,4,5,5,10
416,416,6,2024-12-29 09:50:16.000,5,5,5,10
417,417,6,2024-12-29 07:46:03.000,2,2,5,7
418,418,3,2024-12-29 04:07:09.000,4,3,5,8
419,419,5,2024-12-29 02:57:34.000,5,5,4,9
420,420,3,2024-12-29 00:31:02.000,5,5,5,10
421,421,6,2024-12-28 18:39:48.000,3,4,4,8
422,422,6,2024-12-28 17:48:07.000,2,2,5,7
423,423,9,2024-12-27 22:32:32.000,2,2,5,7
424,424,8,2024-12-27 21:33:54.000,4,5,4,9
425,425,8,2024-12-27 17:35:41.000,4,4,4,8
426,426,5,2024-12-27 16:22:08.000,3,2,5,7
427,427,6,2024-12-27 02:54:06.000,5,4,4,8
428,428,6,2024-12-27 02:18:25.000,2,4,3,7
429,429,2,2024-12-27 00:34:39.000,4,5,4,9
430,430,6,2024-12-26 00:42:28.000,5,4,4,8
431,431,1,2024-12-25 13:36:24.000,5,5,3,8
432,432,5,2024-12-25 10:26:28.000,5,5,4,9
433,433,5,2024-12-25 06:19:49.000,2,2,3,5
434,434,1,2024-12-25 05:22:14.000,3,5,5,10
435,435,2,2024-12-25 04:36:38.000,5,4,5,9
436,436,8,2024-12-25 02:42:20.000,5,4,4,8
437,437,5,2024-12-25 00:43:05.000,4,4,4,8
438,438,1,2024-12-25 00:41:06.000,4,3,3,6
439,439,2,2024-12-25 00:21:13.000,5,5,3,8
440,440,6,2024-12-24 21:57:14.000,4,5,5,10
441,441,5,2024-12-24 16:30:03.000,5,5,4,9
442,442,1,2024-12-24 02:42:27.000,3,4,5,9
443,443,7,2024-12-24 02:38:38.000,3,5,5,10
444,444,4,2024-12-23 22:16:43.000,4,4,4,8
445,445,7,2024-12-22 22:40:58.000,4,5,5,10
446,446,8,2024-12-22 19:47:01.000,5,5,4,9
447,447,3,2024-12-22 12:23:08.000,5,5,5,10
448,448,8,2024-12-22 08:45:40.000,4,5,4,9
449,449,1,2024-12-22 01:04:21.000,4,5,4,9
450,450,3,2024-12-21 23:52:58.000,4,2,4,6
451,451,6,2024-12-21 20:44:08.000,3,4,5,9
452,452,5,2024-12-21 18:58:49.000,4,4,4,8
453,453,1,2024-12-21 08:12:27.000,5,4,5,9
454,454,4,2024-12-21 08:08:29.000,3,5,5,10
455,455,7,2024-12-21 04:07:57.000,5,4,4,8
456,456,5,2024-12-20 23:27:47.000,4,5,5,10
457,457,6,2024-12-20 18:27:16.000,5,5,4,9
458,458,1,2024-12-19 18:09:21.000,3,4,5,9
459,459,3,2024-12-19 17:23:59.000,4,3,4,7
460,460,1,2024-12-19 14:57:06.000,3,5,4,9
461,461,5,2024-12-19 13:51:37.000,4,4,4,8
462,462,2,2024-12-18 23:11:32.000,3,2,5,7
463,463,4,2024-12-18 20:55:12.000,3,5,3,8
464,464,3,2024-12-18 19:57:31.000,5,5,5,10
465,465,3,2024-12-18 16:17:19.000,3,5,4,9
466,466,5,2024-12-18 11:57:13.000,4,4,3,7
467,467,2,2024-12-18 09:15:32.000,4,5,5,10
468,468,4,2024-12-18 08:09:41.000,3,5,4,9
469,469,8,2024-12-18 04:16:04.000,3,2,4,6
470,470,8,2024-12-17 23:36:13.000,5,4,5,9
471,471,7,2024-12-17 21:25:05.000,4,5,4,9
472,472,1,2024-12-17 13:25:27.000,3,4,3,7
473,473,3,2024-12-17 07:20:05.000,3,4,4,8
474,474,2,2024-12-16 17:38:36.000,4,2,5,7
475,475,8,2024-12-15 08:05:47.000,5,5,3,8
476,476,1,2024-12-15 05:34:08.000,4,5,5,10
477,477,4,2024-12-15 02:10:04.000,4,5,3,8
478,478,8,2024-12-15 01:54:52.000,4,5,4,9
479,479,1,2024-12-14 15:21:36.000,4,4,4,8
480,480,5,2024-12-14 12:55:49.000,5,5,4,9
481,481,9,2024-12-13 12:44:28.000,3,3,3,6
482,482,3,2024-12-13 12:06:30.000,5,5,5,10
483,483,6,2024-12-13 11:00:08.000,3,3,4,7
484,484,5,2024-12-13 10:18:53.000,4,5,2,7
485,485,1,2024-12-13 09:36:07.000,5,4,4,8
486,486,3,2024-12-13 03:35:15.000,4,5,5,10
487,487,5,2024-12-12 14:43:21.000,4,5,5,10
488,488,6,2024-12-12 07:48:17.000,3,4,2,6
489,489,3,2024-12-12 00:16:36.000,4,5,4,9
490,490,1,2024-12-11 23:45:28.000,4,5,5,10
491,491,5,2024-12-11 12:51:35.000,5,4,4,8
492,492,5,2024-12-10 17:30:24.000,4,5,4,9
493,493,5,2024-12-10 06:03:39.000,5,5,5,10
494,494,5,2024-12-10 01:50:24.000,5,5,5,10
495,495,5,2024-12-09 14:43:36.000,4,5,5,10
496,496,9,2024-12-09 13:30:49.000,5,5,4,9
497,497,2,2024-12-09 10:34:39.000,4,5,4,9
498,498,2,2024-12-09 05:04:55.000,4,2,5,7
499,499,7,2024-12-09 04:30:15.000,2,2,5,7
500,500,5,2024-12-09 01:04:24.000,3,2,5,7
501,501,3,2024-12-08 17:34:32.000,5,4,4,8
502,502,3,2024-12-08 15:45:00.000,3,4,4,8
503,503,7,2024-12-08 10:15:03.000,5,5,3,8
504,504,1,2024-12-08 02:42:10.000,5,5,5,10
505,505,5,2024-12-07 23:33:00.000,4,3,5,8
506,506,7,2024-12-07 09:20:33.000,5,4,5,9
507,507,5,2024-12-07 08:53:39.000,4,3,5,8
508,508,5,2024-12-06 22:50:22.000,4,4,4,8
509,509,3,2024-12-06 19:23:41.000,4,4,3,7
510,510,6,2024-12-06 13:08:21.000,5,5,4,9
511,511,1,2024-12-06 08:32:51.000,5,4,5,9
512,512,5,2024-12-06 01:23:53.000,4,4,4,8
513,513,3,2024-12-05 22:35:27.000,5,5,5,10
514,514,1,2024-12-05 19:06:14.000,5,4,5,9
515,515,1,2024-12-05 14:42:39.000,4,5,4,9
516,516,4,2024-12-05 09:58:47.000,4,5,4,9
517,517,2,2024-12-05 05:06:56.000,4,3,4,7
518,518,1,2024-12-05 01:17:00.000,5,5,4,9
519,519,2,2024-12-04 17:40:20.000,4,4,5,9
520,520,7,2024-12-04 16:03:37.000,5,4,4,8
521,521,4,2024-12-04 15:31:58.000,3,2,4,6
522,522,4,2024-12-04 08:27:10.000,5,5,4,9
523,523,1,2024-12-03 13:55:37.000,3,5,4,9
524,524,5,2024-12-03 07:44:43.000,5,5,4,9
525,525,5,2024-12-02 10:23:57.000,3,5,4,9
526,526,1,2024-12-02 00:11:37.000,3,4,2,6
527,527,2,2024-12-01 18:11:33.000,5,4,5,9
528,528,3,2024-12-01 15:29:08.000,4,2,4,6
529,529,7,2024-12-01 10:11:36.000,4,5,5,10
530,530,1,2024-12-01 00:54:55.000,5,5,5,10
531,531,1,2024-11-30 20:56:39.000,3,5,5,10
532,532,3,2024-11-30 18:45:39.000,4,4,3,7
533,533,1,2024-11-30 15:46:14.000,4,2,4,6
534,534,7,2024-11-30 14:37:31.000,5,3,5,8
535,535,2,2024-11-30 07:07:48.000,4,4,3,7
536,536,7,2024-11-30 05:42:32.000,4,4,4,8
537,537,6,2024-11-30 02:54:52.000,5,5,5,10
538,538,4,2024-11-30 00:59:58.000,4,5,4,9
539,539,5,2024-11-29 16:05:14.000,5,5,4,9
540,540,2,2024-11-29 15:40:31.000,3,2,3,5
541,541,5,2024-11-29 15:36:11.000,5,5,4,9
542,542,9,2024-11-28 18:00:47.000,4,3,4,7
543,543,8,2024-11-28 04:00:11.000,5,4,5,9
544,544,6,2024-11-28 03:29:29.000,3,4,3,7
545,545,1,2024-11-28 01:22:16.000,4,5,5,10
546,546,5,2024-11-27 16:13:46.000,4,5,5,10
547,547,9,2024-11-27 16:05:34.000,4,5,5,10
548,548,1,2024-11-27 07:32:48.000,3,5,4,9
549,549,8,2024-11-26 23:44:17.000,5,5,4,9
550,550,5,2024-11-26 13:28:25.000,5,5,4,9
551,551,5,2024-11-26 09:04:37.000,3,4,5,9
552,552,6,2024-11-26 08:49:28.000,4,4,5,9
553,553,1,2024-11-26 08:33:47.000,4,2,5,7
554,554,6,2024-11-26 05:18:24.000,4,5,4,9
555,555,1,2024-11-25 08:25:49.000,4,3,4,7
556,556,4,2024-11-24 23:14:41.000,5,5,4,9
557,557,5,2024-11-24 21:37:17.000,3,5,5,10
558,558,8,2024-11-24 11:56:58.000,4,3,4,7
559,559,5,2024-11-24 05:53:38.000,4,5,3,8
560,560,5,2024-11-24 03:53:49.000,4,5,4,9
561,561,5,2024-11-23 22:38:21.000,5,4,4,8
562,562,5,2024-11-23 10:56:16.000,3,2,4,6
563,563,1,2024-11-23 06:59:07.000,4,5,4,9
564,564,2,2024-11-23 04:59:02.000,4,4,4,8
565,565,1,2024-11-23 04:28:03.000,3,2,3,5
566,566,1,2024-11-23 00:29:47.000,3,5,4,9
567,567,5,2024-11-22 23:40:57.000,5,4,4,8
568,568,4,2024-11-22 22:21:15.000,5,5,5,10
569,569,8,2024-11-22 22:19:20.000,4,4,5,9
570,570,2,2024-11-22 19:43:09.000,4,4,4,8
571,571,5,2024-11-22 15:26:14.000,5,5,4,9
572,572,1,2024-11-22 13:01:41.000,5,5,3,8
573,573,5,2024-11-22 08:14:07.000,4,5,5,10
574,574,7,2024-11-22 08:06:32.000,3,5,4,9
575,575,5,2024-11-22 04:20:31.000,5,5,4,9
576,576,5,2024-11-21 14:39:08.000,4,4,5,9
577,577,1,2024-11-21 14:15:07.000,4,5,4,9
578,578,8,2024-11-21 13:01:57.000,5,5,4,9
579,579,5,2024-11-21 11:30:02.000,3,4,2,6
580,580,8,2024-11-21 09:52:59.000,4,4,4,8
581,581,1,2024-11-20 22:57:48.000,5,5,4,9
582,582,4,2024-11-20 20:58:24.000,5,5,4,9
583,583,5,2024-11-20 19:19:21.000,3,5,2,7
584,584,2,2024-11-20 16:51:38.000,4,3,5,8
585,585,6,2024-11-20 14:01:03.000,3,5,2,7
586,586,5,2024-11-19 18:50:52.000,5,5,4,9
587,587,1,2024-11-19 17:06:29.000,3,3,4,7
588,588,3,2024-11-19 04:13:53.000,4,5,3,8
589,589,9,2024-11-18 21:26:26.000,5,5,4,9
590,590,4,2024-11-18 17:25:45.000,5,5,3,8
591,591,8,2024-11-18 10:04:29.000,4,3,3,6
592,592,1,2024-11-18 06:10:48.000,5,4,4,8
593,593,2,2024-11-17 22:52:02.000,5,4,4,8
594,594,5,2024-11-17 19:51:24.000,3,5,5,10
595,595,2,2024-11-17 15:23:16.000,5,4,4,8
596,596,8,2024-11-17 13:25:42.000,4,4,5,9
597,597,1,2024-11-17 06:25:26.000,3,5,4,9
598,598,5,2024-11-16 23:46:00.000,4,4,4,8
599,599,1,2024-11-16 22:13:44.000,5,5,4,9
600,600,2,2024-11-16 15:54:23.000,3,5,5,10
601,601,6,2024-11-16 14:20:14.000,3,2,5,7
602,602,6,2024-11-16 11:30:58.000,5,5,5,10
603,603,1,2024-11-16 02:58:21.000,4,5,4,9
604,604,8,2024-11-16 01:03:06.000,5,5,5,10
605,605,5,2024-11-15 21:08:08.000,2,2,5,7
606,606,3,2024-11-15 20:27:10.000,3,4,4,8
607,607,3,2024-11-15 13:06:42.000,4,5,5,10
608,608,2,2024-11-15 09:19:21.000,3,4,4,8
609,609,1,2024-11-15 09:00:07.000,4,2,5,7
610,610,6,2024-11-14 22:24:03.000,4,5,5,10
611,611,3,2024-11-14 11:33:29.000,5,5,5,10
612,612,3,2024-11-14 08:56:32.000,4,5,5,10
613,613,3,2024-11-13 15:55:20.000,3,4,5,9
614,614,6,2024-11-13 14:13:34.000,4,5,4,9
615,615,5,2024-11-13 12:14:46.000,5,5,4,9
616,616,6,2024-11-13 04:31:34.000,4,4,3,7
617,617,6,2024-11-13 03:10:01.000,5,4,5,9
618,618,2,2024-11-12 18:54:26.000,5,4,5,9
619,619,1,2024-11-12 14:52:33.000,5,5,4,9
620,620,1,2024-11-12 03:35:35.000,2,3,3,6
621,621,1,2024-11-12 01:40:45.000,5,5,3,8
622,622,5,2024-11-12 00:25:48.000,5,3,5,8
623,623,1,2024-11-11 16:12:42.000,4,5,4,9
624,624,1,2024-11-11 02:26:54.000,4,5,4,9
625,625,8,2024-11-10 15:51:25.000,5,5,4,9
626,626,6,2024-11-10 14:32:33.000,4,5,4,9
627,627,3,2024-11-10 13:45:30.000,4,5,5,10
628,628,3,2024-11-09 08:46:25.000,5,5,3,8
629,629,1,2024-11-09 00:13:27.000,4,4,5,9
630,630,6,2024-11-08 09:44:38.000,5,5,5,10
631,631,1,2024-11-08 08:11:04.000,4,5,5,10
632,632,6,2024-11-08 06:41:47.000,5,4,4,8
633,633,6,2024-11-08 03:40:05.000,3,3,4,7
634,634,6,2024-11-08 03:19:45.000,5,4,5,9
635,635,5,2024-11-07 16:27:09.000,5,4,4,8
636,636,8,2024-11-07 14:59:55.000,5,4,4,8
637,637,1,2024-11-07 06:18:15.000,4,5,4,9
638,638,5,2024-11-06 23:19:43.000,2,3,4,7
639,639,1,2024-11-06 21:58:18.000,4,4,4,8
640,640,6,2024-11-06 15:37:21.000,5,4,5,9
641,641,5,2024-11-06 13:52:48.000,5,5,4,9
642,642,1,2024-11-06 13:27:41.000,5,4,4,8
643,643,5,2024-11-06 10:00:31.000,4,5,5,10
644,644,5,2024-11-06 04:14:22.000,4,5,4,9
645,645,7,2024-11-06 02:35:45.000,4,5,5,10
646,646,3,2024-11-06 01:50:41.000,4,2,4,6
647,647,3,2024-11-05 19:23:53.000,5,4,5,9
648,648,6,2024-11-05 18:10:26.000,3,5,4,9
649,649,2,2024-11-05 15:00:13.000,3,5,5,10
650,650,9,2024-11-05 08:46:55.000,3,5,4,9
651,651,8,2024-11-05 01:12:24.000,4,4,4,8
652,652,3,2024-11-04 18:01:54.000,5,5,4,9
653,653,5,2024-11-04 03:09:01.000,4,5,5,10
654,654,2,2024-11-04 00:06:56.000,5,4,4,8
655,655,1,2024-11-03 21:29:05.000,4,5,5,10
656,656,6,2024-11-03 18:34:51.000,4,5,5,10
657,657,5,2024-11-03 16:59:35.000,4,5,4,9
658,658,9,2024-11-03 10:28:04.000,4,4,3,7
659,659,7,2024-11-03 03:04:32.000,3,4,2,6
660,660,1,2024-11-02 21:39:24.000,3,3,4,7
661,661,2,2024-11-02 12:42:46.000,4,2,4,6
662,662,8,2024-11-02 09:04:31.000,5,4,5,9
663,663,2,2024-11-01 17:35:55.000,3,5,4,9
664,664,2,2024-11-01 11:10:06.000,5,5,5,10
665,665,8,2024-10-31 22:08:52.000,4,4,5,9
666,666,5,2024-10-31 21:34:01.000,3,5,4,9
667,667,5,2024-10-31 20:32:23.000,4,2,4,6
668,668,4,2024-10-31 18:53:27.000,5,5,4,9
669,669,7,2024-10-31 10:33:27.000,2,2,4,6
670,670,1,2024-10-31 03:18:45.000,3,3,4,7
671,671,3,2024-10-30 23:49:22.000,4,5,4,9
672,672,3,2024-10-30 22:47:31.000,4,5,5,10
673,673,6,2024-10-30 14:12:06.000,4,5,3,8
674,674,2,2024-10-30 13:59:31.000,3,5,5,10
675,675,1,2024-10-30 08:09:55.000,5,4,4,8
676,676,8,2024-10-30 04:16:16.000,4,5,4,9
677,677,8,2024-10-30 02:36:08.000,4,5,4,9
678,678,1,2024-10-30 01:34:52.000,5,4,5,9
679,679,5,2024-10-29 15:44:24.000,5,4,5,9
680,680,3,2024-10-29 02:07:24.000,4,5,5,10
681,681,5,2024-10-28 10:25:21.000,5,5,4,9
682,682,1,2024-10-28 08:50:08.000,5,4,5,9
683,683,3,2024-10-27 18:26:49.000,4,4,4,8
684,684,5,2024-10-27 18:18:16.000,5,5,4,9
685,685,3,2024-10-27 11:36:06.000,4,5,4,9
686,686,3,2024-10-27 06:53:46.000,5,4,5,9
687,687,5,2024-10-27 02:39:48.000,5,4,4,8
688,688,5,2024-10-26 21:53:36.000,3,4,4,8
689,689,7,2024-10-26 16:04:13.000,2,5,2,7
690,690,6,2024-10-26 13:17:24.000,4,2,4,6
691,691,5,2024-10-26 11:36:44.000,4,5,3,8
692,692,8,2024-10-26 08:58:58.000,3,4,4,8
693,693,2,2024-10-26 07:20:12.000,4,5,5,10
694,694,5,2024-10-26 07:15:13.000,5,5,5,10
695,695,3,2024-10-26 01:27:29.000,3,5,4,9
696,696,8,2024-10-26 01:07:00.000,4,2,5,7
697,697,6,2024-10-25 18:38:12.000,5,5,4,9
698,698,5,2024-10-25 10:33:05.000,2,5,2,7
699,699,2,2024-10-25 08:08:11.000,5,4,5,9
700,700,8,2024-10-25 05:23:02.000,3,5,4,9
701,701,5,2024-10-25 04:09:26.000,5,5,5,10
702,702,6,2024-10-25 02:10:34.000,4,4,5,9
703,703,5,2024-10-24 21:01:30.000,3,2,5,7
704,704,5,2024-10-24 20:51:00.000,4,3,5,8
705,705,8,2024-10-24 11:07:11.000,3,5,3,8
706,706,2,2024-10-24 08:53:15.000,3,5,4,9
707,707,1,2024-10-24 02:36:20.000,4,5,2,7
708,708,9,2024-10-23 15:22:47.000,3,4,2,6
709,709,1,2024-10-23 02:19:16.000,4,3,5,8
710,710,2,2024-10-23 02:00:13.000,5,5,4,9
711,711,7,2024-10-22 18:15:24.000,2,2,5,7
712,712,8,2024-10-22 17:29:23.000,3,5,4,9
713,713,5,2024-10-22 16:22:58.000,5,5,5,10
714,714,8,2024-10-22 08:02:25.000,5,4,5,9
715,715,6,2024-10-21 18:57:39.000,4,5,5,10
716,716,6,2024-10-21 18:56:14.000,5,5,4,9
717,717,1,2024-10-21 07:27:26.000,3,4,4,8
718,718,6,2024-10-21 05:58:30.000,5,5,4,9
719,719,2,2024-10-21 05:24:51.000,5,4,4,8
720,720,5,2024-10-21 02:51:18.000,4,4,4,8
721,721,7,2024-10-21 00:39:31.000,3,2,4,6
722,722,5,2024-10-20 00:17:49.000,4,5,3,8
723,723,3,2024-10-19 23:48:32.000,4,5,5,10
724,724,2,2024-10-19 19:48:29.000,5,5,5,10
725,725,5,2024-10-19 19:25:28.000,3,4,3,7
726,726,5,2024-10-19 18:07:13.000,4,5,4,9
727,727,1,2024-10-19 16:23:59.000,5,5,4,9
728,728,4,2024-10-19 10:08:32.000,5,5,4,9
729,729,5,2024-10-19 08:39:50.000,4,5,4,9
730,730,5,2024-10-19 07:35:41.000,3,5,5,10
731,731,7,2024-10-19 05:54:56.000,4,2,4,6
732,732,6,2024-10-19 02:42:15.000,4,2,4,6
733,733,6,2024-10-18 20:02:15.000,4,5,5,10
734,734,9,2024-10-18 19:48:20.000,4,2,5,7
735,735,5,2024-10-18 05:22:40.000,4,5,4,9
736,736,6,2024-10-17 08:48:00.000,5,5,5,10
737,737,2,2024-10-17 05:01:35.000,5,5,5,10
738,738,5,2024-10-17 04:36:50.000,4,3,5,8
739,739,8,2024-10-16 21:09:44.000,5,5,5,10
740,740,4,2024-10-16 09:32:05.000,3,2,5,7
741,741,1,2024-10-16 08:02:37.000,5,4,5,9
742,742,5,2024-10-16 06:54:14.000,4,5,3,8
743,743,6,2024-10-16 04:45:16.000,3,5,5,10
744,744,6,2024-10-16 04:41:38.000,4,4,4,8
745,745,1,2024-10-16 02:11:46.000,2,5,2,7
746,746,7,2024-10-16 01:58:52.000,4,5,4,9
747,747,2,2024-10-15 17:06:27.000,4,5,4,9
748,748,5,2024-10-15 16:03:40.000,5,4,5,9
749,749,1,2024-10-15 11:20:52.000,4,5,5,10
750,750,3,2024-10-15 07:39:11.000,5,4,5,9
751,751,6,2024-10-15 05:16:47.000,3,2,4,6
752,752,5,2024-10-14 22:56:59.000,3,5,4,9
753,753,3,2024-10-14 17:43:43.000,4,5,4,9
754,754,5,2024-10-14 15:06:51.000,5,5,4,9
755,755,3,2024-10-14 01:00:41.000,4,2,4,6
756,756,5,2024-10-13 21:08:19.000,4,4,4,8
757,757,1,2024-10-13 19:40:28.000,4,5,4,9
758,758,1,2024-10-12 08:45:48.000,5,5,3,8
759,759,6,2024-10-11 20:08:28.000,5,5,4,9
760,760,9,2024-10-11 01:57:37.000,4,5,3,8
761,761,1,2024-10-10 22:15:02.000,4,5,5,10
762,762,1,2024-10-10 00:03:07.000,4,5,5,10
763,763,7,2024-10-09 13:32:45.000,4,4,4,8
764,764,6,2024-10-09 08:50:17.000,4,3,5,8
765,765,6,2024-10-09 03:36:00.000,4,5,3,8
766,766,6,2024-10-08 15:23:05.000,5,5,3,8
767,767,1,2024-10-08 07:47:25.000,4,5,2,7
768,768,5,2024-10-08 03:03:40.000,3,2,5,7
769,769,7,2024-10-07 21:52:59.000,2,5,2,7
770,770,1,2024-10-07 17:01:59.000,2,2,4,6
771,771,6,2024-10-07 11:50:04.000,5,5,4,9
772,772,1,2024-10-07 06:50:38.000,5,4,5,9
773,773,1,2024-10-07 05:28:21.000,5,5,4,9
774,774,5,2024-10-07 02:26:28.000,5,4,4,8
775,775,6,2024-10-06 14:38:25.000,4,5,4,9
776,776,8,2024-10-06 10:10:06.000,5,4,4,8
777,777,3,2024-10-06 02:49:47.000,3,5,2,7
778,778,6,2024-10-05 14:54:02.000,4,5,4,9
779,779,3,2024-10-05 11:53:17.000,3,3,3,6
780,780,5,2024-10-05 10:12:36.000,5,5,5,10
781,781,6,2024-10-05 02:52:27.000,2,3,4,7
782,782,5,2024-10-04 21:15:08.000,4,2,5,7
783,783,1,2024-10-04 16:45:55.000,5,4,4,8
784,784,7,2024-10-04 07:56:49.000,3,4,4,8
785,785,6,2024-10-03 04:12:00.000,3,3,4,7
786,786,1,2024-10-03 02:22:20.000,5,5,5,10
787,787,5,2024-10-03 01:56:50.000,4,4,4,8
788,788,9,2024-10-02 16:55:21.000,3,2,4,6
789,789,5,2024-10-02 14:36:14.000,5,5,3,8
790,790,5,2024-10-02 08:21:23.000,3,3,4,7
791,791,3,2024-10-02 04:01:13.000,5,5,5,10
792,792,8,2024-10-01 19:33:38.000,3,3,4,7
793,793,2,2024-10-01 15:16:43.000,5,3,5,8
794,794,7,2024-10-01 13:43:12.000,5,4,4,8
795,795,7,2024-10-01 08:28:19.000,5,5,4,9
796,796,7,2024-10-01 03:43:03.000,4,5,5,10
797,797,5,2024-09-30 22:22:48.000,3,2,3,5
798,798,7,2024-09-30 07:28:40.000,5,4,5,9
799,799,1,2024-09-30 06:20:15.000,5,4,4,8
800,800,3,2024-09-30 04:27:31.000,5,5,5,10
801,801,7,2024-09-30 01:05:01.000,4,3,4,7
802,802,1,2024-09-29 18:05:42.000,3,4,4,8
803,803,3,2024-09-29 16:05:35.000,4,2,5,7
804,804,3,2024-09-28 15:21:50.000,3,5,2,7
805,805,5,2024-09-28 11:32:17.000,4,3,5,8
806,806,5,2024-09-28 10:50:51.000,4,4,5,9
807,807,7,2024-09-28 04:50:35.000,5,4,5,9
808,808,5,2024-09-27 18:10:16.000,3,5,4,9
809,809,5,2024-09-27 14:26:56.000,3,4,5,9
810,810,1,2024-09-27 11:17:58.000,4,2,5,7
811,811,6,2024-09-26 20:53:30.000,2,3,3,6
812,812,5,2024-09-26 17:42:20.000,5,4,4,8
813,813,4,2024-09-26 14:41:05.000,4,4,4,8
814,814,6,2024-09-26 14:20:38.000,5,4,5,9
815,815,6,2024-09-25 10:06:08.000,3,5,4,9
816,816,8,2024-09-25 08:50:08.000,5,5,4,9
817,817,7,2024-09-25 07:02:25.000,4,5,4,9
818,818,6,2024-09-25 00:03:22.000,5,4,5,9
819,819,2,2024-09-24 12:59:55.000,5,5,4,9
820,820,6,2024-09-24 11:18:59.000,3,4,5,9
821,821,3,2024-09-24 05:11:55.000,5,5,4,9
822,822,5,2024-09-23 16:49:20.000,5,5,3,8
823,823,5,2024-09-23 13:52:59.000,5,5,5,10
824,824,5,2024-09-23 13:09:01.000,5,5,4,9
825,825,1,2024-09-23 10:28:46.000,4,4,4,8
826,826,5,2024-09-23 05:02:49.000,5,5,4,9
827,827,6,2024-09-23 02:45:18.000,3,2,5,7
828,828,8,2024-09-22 18:39:28.000,2,3,3,6
829,829,5,2024-09-22 02:09:48.000,5,4,4,8
830,830,5,2024-09-21 19:18:16.000,4,5,5,10
831,831,5,2024-09-21 15:03:49.000,3,2,5,7
832,832,2,2024-09-21 06:07:58.000,5,5,4,9
833,833,7,2024-09-20 08:43:29.000,4,5,4,9
834,834,5,2024-09-19 13:37:21.000,3,4,3,7
835,835,8,2024-09-19 06:26:22.000,4,5,3,8
836,836,3,2024-09-18 21:18:03.000,5,4,4,8
837,837,5,2024-09-18 19:08:53.000,5,5,4,9
838,838,3,2024-09-18 08:16:34.000,3,5,5,10
839,839,5,2024-09-17 23:43:25.000,5,5,4,9
840,840,6,2024-09-17 04:58:46.000,5,5,3,8
841,841,2,2024-09-16 16:45:12.000,5,5,4,9
842,842,4,2024-09-16 16:14:37.000,5,5,5,10
843,843,6,2024-09-16 10:54:30.000,4,5,4,9
844,844,8,2024-09-16 10:35:17.000,3,4,4,8
845,845,7,2024-09-16 10:22:46.000,4,3,5,8
846,846,4,2024-09-16 07:50:46.000,5,5,4,9
847,847,1,2024-09-15 20:51:04.000,3,2,5,7
848,848,5,2024-09-15 18:32:20.000,4,5,5,10
849,849,3,2024-09-15 17:24:53.000,5,4,4,8
850,850,1,2024-09-15 06:57:13.000,4,4,4,8
851,851,3,2024-09-15 06:44:44.000,5,5,4,9
852,852,1,2024-09-15 00:39:35.000,5,5,5,10
853,853,7,2024-09-14 23:07:43.000,5,5,5,10
854,854,6,2024-09-14 22:25:53.000,3,4,5,9
855,855,6,2024-09-13 20:52:21.000,5,5,5,10
856,856,1,2024-09-13 19:24:59.000,5,5,5,10
857,857,8,2024-09-13 13:38:37.000,4,5,4,9
858,858,2,2024-09-13 12:51:53.000,5,5,4,9
859,859,6,2024-09-13 11:19:39.000,4,2,4,6
860,860,1,2024-09-13 08:41:04.000,2,2,3,5
861,861,6,2024-09-13 03:30:24.000,2,5,2,7
862,862,5,2024-09-12 23:53:38.000,4,5,5,10
863,863,5,2024-09-12 21:00:52.000,4,5,5,10
864,864,1,2024-09-12 10:34:38.000,5,5,5,10
865,865,7,2024-09-12 08:29:33.000,3,5,5,10
866,866,2,2024-09-12 00:11:12.000,3,5,5,10
867,867,5,2024-09-11 23:40:48.000,4,5,5,10
868,868,1,2024-09-11 15:33:15.000,4,3,4,7
869,869,8,2024-09-11 05:07:48.000,5,5,3,8
870,870,5,2024-09-10 17:20:42.000,4,5,4,9
871,871,6,2024-09-10 12:02:44.000,5,4,4,8
872,872,3,2024-09-10 06:16:38.000,4,5,4,9
873,873,3,2024-09-10 02:22:41.000,4,5,2,7
874,874,7,2024-09-10 01:28:16.000,4,5,5,10
875,875,4,2024-09-09 23:41:02.000,4,5,5,10
876,876,5,2024-09-09 15:34:35.000,4,2,4,6
877,877,6,2024-09-09 13:39:29.000,4,4,5,9
878,878,8,2024-09-09 11:19:52.000,5,4,5,9
879,879,8,2024-09-09 11:18:30.000,2,3,2,5
880,880,3,2024-09-09 11:16:40.000,3,5,2,7
881,881,2,2024-09-09 03:49:36.000,3,5,4,9
882,882,5,2024-09-09 01:51:06.000,5,5,5,10
883,883,3,2024-09-08 18:41:12.000,4,5,5,10
884,884,5,2024-09-08 10:01:50.000,4,3,5,8
885,885,6,2024-09-08 05:13:46.000,4,5,5,10
886,886,2,2024-09-08 00:20:33.000,5,4,4,8
887,887,5,2024-09-07 23:07:05.000,5,5,5,10
888,888,2,2024-09-07 18:44:51.000,3,4,5,9
889,889,2,2024-09-07 17:25:56.000,4,5,4,9
890,890,8,2024-09-07 09:06:16.000,4,5,2,7
891,891,6,2024-09-07 08:57:49.000,5,4,5,9
892,892,6,2024-09-07 06:32:51.000,5,5,5,10
893,893,5,2024-09-07 03:38:39.000,5,5,5,10
894,894,8,2024-09-07 02:05:41.000,4,5,4,9
895,895,5,2024-09-06 23:17:22.000,5,4,4,8
896,896,7,2024-09-06 13:12:26.000,2,3,4,7
897,897,3,2024-09-06 11:38:34.000,5,5,4,9
898,898,5,2024-09-06 06:27:41.000,4,5,3,8
899,899,1,2024-09-06 04:59:58.000,3,2,3,5
900,900,1,2024-09-05 19:30:50.000,4,5,4,9
901,901,5,2024-09-05 13:48:28.000,4,5,5,10
902,902,8,2024-09-05 07:23:53.000,1,2,3,5
903,903,5,2024-09-04 20:01:59.000,4,5,5,10
904,904,3,2024-09-04 11:49:14.000,4,5,4,9
905,905,3,2024-09-04 08:45:11.000,2,5,2,7
906,906,5,2024-09-04 06:43:18.000,5,5,5,10
907,907,8,2024-09-04 00:35:34.000,3,2,5,7
908,908,8,2024-09-03 18:22:58.000,5,5,4,9
909,909,6,2024-09-03 16:41:17.000,4,4,4,8
910,910,5,2024-09-03 14:11:30.000,5,5,4,9
911,911,4,2024-09-03 12:26:15.000,5,5,5,10
912,912,5,2024-09-03 12:13:10.000,4,5,5,10
913,913,5,2024-09-03 08:49:12.000,4,4,5,9
914,914,7,2024-09-02 13:14:03.000,3,4,3,7
915,915,5,2024-09-02 08:43:46.000,4,4,3,7
916,916,5,2024-09-02 07:25:22.000,4,5,5,10
917,917,6,2024-09-02 07:10:48.000,4,4,5,9
918,918,1,2024-09-01 19:04:05.000,5,4,4,8
919,919,8,2024-09-01 14:35:41.000,4,3,5,8
920,920,2,2024-09-01 13:54:09.000,5,4,5,9
921,921,5,2024-09-01 04:20:59.000,4,4,5,9
922,922,5,2024-08-31 20:44:20.000,4,5,4,9
923,923,2,2024-08-31 19:34:51.000,3,4,4,8
924,924,8,2024-08-31 18:14:16.000,5,4,4,8
925,925,7,2024-08-31 17:17:36.000,3,4,4,8
926,926,1,2024-08-31 17:11:43.000,5,5,5,10
927,927,1,2024-08-31 11:09:09.000,3,5,5,10
928,928,8,2024-08-31 10:47:43.000,5,4,5,9
929,929,6,2024-08-31 10:35:32.000,4,5,4,9
930,930,2,2024-08-31 05:14:30.000,5,4,4,8
931,931,6,2024-08-31 03:37:59.000,5,4,4,8
932,932,3,2024-08-30 23:52:03.000,5,5,4,9
933,933,1,2024-08-30 23:16:51.000,5,4,4,8
934,934,6,2024-08-30 19:03:32.000,4,4,4,8
935,935,8,2024-08-30 14:39:12.000,4,5,4,9
936,936,6,2024-08-30 12:41:56.000,5,5,4,9
937,937,2,2024-08-30 10:05:16.000,4,5,4,9
938,938,9,2024-08-30 00:10:54.000,5,5,5,10
939,939,7,2024-08-29 23:51:04.000,4,5,3,8
940,940,7,2024-08-29 19:52:16.000,4,3,4,7
941,941,1,2024-08-29 09:11:42.000,2,4,3,7
942,942,4,2024-08-29 05:02:15.000,5,4,5,9
943,943,6,2024-08-28 10:56:46.000,4,4,4,8
944,944,6,2024-08-28 06:22:29.000,5,4,4,8
945,945,2,2024-08-28 04:35:54.000,5,5,4,9
946,946,6,2024-08-27 22:22:01.000,2,5,2,7
947,947,1,2024-08-27 19:20:11.000,4,5,3,8
948,948,4,2024-08-27 16:42:58.000,5,5,4,9
949,949,1,2024-08-27 15:27:13.000,3,2,4,6
950,950,5,2024-08-27 11:14:30.000,5,5,4,9
951,951,4,2024-08-27 04:29:23.000,5,5,5,10
952,952,5,2024-08-26 23:59:23.000,4,4,4,8
953,953,1,2024-08-26 20:54:35.000,5,4,4,8
954,954,3,2024-08-26 17:59:58.000,5,4,5,9
955,955,8,2024-08-26 12:59:09.000,2,2,4,6
956,956,2,2024-08-26 10:09:06.000,4,3,5,8
957,957,5,2024-08-26 06:59:44.000,4,4,5,9
958,958,6,2024-08-26 02:42:56.000,4,4,2,6
959,959,9,2024-08-25 16:39:45.000,4,4,5,9
960,960,5,2024-08-25 13:09:31.000,4,4,4,8
961,961,5,2024-08-25 13:00:04.000,5,5,4,9
962,962,1,2024-08-25 06:08:58.000,4,5,4,9
963,963,6,2024-08-24 23:21:46.000,4,5,3,8
964,964,2,2024-08-24 22:20:58.000,3,4,5,9
965,965,5,2024-08-23 23:44:24.000,4,5,4,9
966,966,4,2024-08-23 19:16:45.000,4,5,4,9
967,967,7,2024-08-23 16:31:09.000,5,5,3,8
968,968,5,2024-08-23 02:09:15.000,4,4,5,9
969,969,1,2024-08-23 01:43:02.000,3,5,4,9
970,970,5,2024-08-22 20:14:14.000,4,4,5,9
971,971,6,2024-08-22 15:04:09.000,5,5,3,8
972,972,1,2024-08-22 02:54:38.000,4,5,4,9
973,973,6,2024-08-22 00:17:41.000,3,5,4,9
974,974,5,2024-08-21 23:50:16.000,4,5,5,10
975,975,5,2024-08-21 13:36:29.000,4,5,3,8
976,976,7,2024-08-21 11:54:51.000,5,4,4,8
977,977,1,2024-08-21 04:23:29.000,5,5,3,8
978,978,1,2024-08-21 00:46:21.000,5,5,4,9
979,979,1,2024-08-20 16:57:08.000,4,5,5,10
980,980,5,2024-08-20 11:40:16.000,4,2,4,6
981,981,1,2024-08-20 04:39:50.000,5,5,3,8
982,982,5,2024-08-19 19:31:22.000,4,5,3,8
983,983,5,2024-08-19 15:52:24.000,4,5,4,9
984,984,9,2024-08-19 15:42:25.000,4,4,4,8
985,985,5,2024-08-19 12:49:08.000,5,5,4,9
986,986,1,2024-08-19 11:29:11.000,2,2,5,7
987,987,2,2024-08-19 10:33:32.000,4,4,5,9
988,988,5,2024-08-19 06:45:58.000,4,5,3,8
989,989,5,2024-08-18 23:51:31.000,3,5,4,9
990,990,7,2024-08-18 12:49:01.000,3,3,4,7
991,991,7,2024-08-18 12:31:07.000,4,4,5,9
992,992,5,2024-08-18 11:38:19.000,3,3,4,7
993,993,1,2024-08-17 19:06:30.000,3,3,4,7
994,994,5,2024-08-17 08:09:59.000,4,4,5,9
995,995,6,2024-08-16 22:33:53.000,5,5,4,9
996,996,9,2024-08-16 18:08:18.000,4,5,5,10
997,997,7,2024-08-16 18:01:36.000,5,4,4,8
998,998,3,2024-08-16 16:29:37.000,4,5,5,10
999,999,7,2024-08-16 15:28:37.000,5,4,4,8
1000,1000,3,2024-08-16 08:49:50.000,4,5,4,9
1001,1001,5,2024-08-16 06:11:04.000,2,3,4,7
1002,1002,6,2024-08-16 03:05:52.000,4,3,5,8
1003,1003,2,2024-08-16 00:58:16.000,4,4,5,9
1004,1004,6,2024-08-15 19:06:42.000,3,5,5,10
1005,1005,5,2024-08-15 15:05:58.000,5,5,4,9
1006,1006,6,2024-08-15 10:32:19.000,5,5,5,10
1007,1007,8,2024-08-15 10:28:27.000,4,5,2,7
1008,1008,6,2024-08-15 00:09:42.000,2,5,2,7
1009,1009,8,2024-08-14 22:47:18.000,5,4,5,9
1010,1010,2,2024-08-14 20:04:24.000,3,3,5,8
1011,1011,5,2024-08-14 16:57:06.000,5,4,5,9
1012,1012,1,2024-08-14 16:50:41.000,3,5,5,10
1013,1013,6,2024-08-14 01:46:11.000,5,5,5,10
1014,1014,5,2024-08-13 17:45:44.000,3,2,4,6
1015,1015,1,2024-08-13 14:36:44.000,5,5,3,8
1016,1016,6,2024-08-13 13:54:35.000,5,5,5,10
1017,1017,5,2024-08-13 11:40:14.000,4,4,5,9
1018,1018,6,2024-08-12 18:17:17.000,5,4,5,9
1019,1019,5,2024-08-12 16:08:57.000,5,5,4,9
1020,1020,6,2024-08-12 03:51:46.000,5,5,4,9
1021,1021,6,2024-08-11 23:29:28.000,4,4,4,8
1022,1022,6,2024-08-11 18:14:30.000,5,5,3,8
1023,1023,2,2024-08-11 14:24:26.000,5,5,4,9
1024,1024,1,2024-08-10 23:43:03.000,4,5,4,9
1025,1025,7,2024-08-10 21:22:12.000,4,3,5,8
1026,1026,1,2024-08-10 17:23:30.000,4,4,4,8
1027,1027,7,2024-08-10 16:39:59.000,3,2,4,6
1028,1028,5,2024-08-10 09:56:07.000,4,4,4,8
1029,1029,3,2024-08-10 05:08:43.000,4,2,5,7
1030,1030,4,2024-08-10 05:07:46.000,4,5,4,9
1031,1031,1,2024-08-10 04:38:08.000,3,5,3,8
1032,1032,2,2024-08-09 03:13:00.000,4,4,5,9
1033,1033,3,2024-08-07 12:36:52.000,5,5,4,9
1034,1034,5,2024-08-07 11:30:13.000,4,5,4,9
1035,1035,2,2024-08-07 04:42:54.000,3,4,5,9
1036,1036,5,2024-08-07 02:46:20.000,4,5,5,10
1037,1037,8,2024-08-06 21:30:48.000,3,2,2,4
1038,1038,8,2024-08-06 11:20:54.000,5,4,4,8
1039,1039,1,2024-08-06 09:33:45.000,5,5,5,10
1040,1040,3,2024-08-06 06:37:23.000,4,5,5,10
1041,1041,5,2024-08-06 00:59:37.000,5,4,4,8
1042,1042,5,2024-08-06 00:40:26.000,3,4,3,7
1043,1043,2,2024-08-05 21:40:13.000,5,4,4,8
1044,1044,6,2024-08-05 21:02:43.000,4,2,5,7
1045,1045,1,2024-08-05 20:47:10.000,4,2,4,6
1046,1046,5,2024-08-05 20:46:33.000,5,4,4,8
1047,1047,2,2024-08-05 18:59:29.000,3,2,4,6
1048,1048,7,2024-08-05 17:42:20.000,3,5,4,9
1049,1049,5,2024-08-05 11:16:24.000,4,4,4,8
1050,1050,5,2024-08-05 10:13:22.000,3,5,4,9
1051,1051,8,2024-08-04 20:33:02.000,4,5,4,9
1052,1052,3,2024-08-04 17:17:45.000,4,4,4,8
1053,1053,1,2024-08-04 15:34:08.000,3,5,4,9
1054,1054,1,2024-08-04 12:12:33.000,5,4,5,9
1055,1055,1,2024-08-04 05:36:48.000,4,5,5,10
1056,1056,1,2024-08-04 02:24:51.000,4,4,4,8
1057,1057,2,2024-08-03 08:37:08.000,3,4,3,7
1058,1058,4,2024-08-03 07:21:30.000,5,5,4,9
1059,1059,4,2024-08-02 12:11:11.000,5,5,4,9
1060,1060,6,2024-08-02 11:39:13.000,4,4,4,8
1061,1061,5,2024-08-02 02:42:52.000,4,5,5,10
1062,1062,6,2024-08-02 01:55:15.000,4,5,4,9
1063,1063,2,2024-08-01 10:38:38.000,3,2,4,6
1064,1064,5,2024-07-31 23:21:42.000,5,4,4,8
1065,1065,3,2024-07-31 20:42:22.000,4,4,5,9
1066,1066,9,2024-07-31 16:54:04.000,5,4,4,8
1067,1067,3,2024-07-31 14:04:47.000,4,5,4,9
1068,1068,6,2024-07-31 13:53:56.000,4,4,4,8
1069,1069,2,2024-07-31 04:17:45.000,2,2,5,7
1070,1070,5,2024-07-31 01:01:57.000,4,4,3,7
1071,1071,1,2024-07-30 20:42:07.000,5,4,5,9
1072,1072,3,2024-07-30 12:58:03.000,4,2,4,6
1073,1073,7,2024-07-30 09:16:20.000,4,5,5,10
1074,1074,1,2024-07-30 06:52:49.000,3,5,5,10
1075,1075,5,2024-07-29 11:28:27.000,4,5,4,9
1076,1076,8,2024-07-29 04:46:22.000,2,2,3,5
1077,1077,8,2024-07-29 02:37:27.000,5,4,4,8
1078,1078,5,2024-07-29 01:08:20.000,4,5,5,10
1079,1079,1,2024-07-29 01:01:36.000,4,5,4,9
1080,1080,3,2024-07-28 21:25:49.000,3,5,3,8
1081,1081,6,2024-07-28 12:41:16.000,4,5,3,8
1082,1082,3,2024-07-28 07:17:48.000,1,2,3,5
1083,1083,1,2024-07-28 07:14:21.000,3,4,4,8
1084,1084,1,2024-07-27 14:38:36.000,5,5,5,10
1085,1085,5,2024-07-27 10:37:38.000,4,4,4,8
1086,1086,5,2024-07-27 08:28:25.000,3,2,5,7
1087,1087,5,2024-07-27 01:41:40.000,3,4,2,6
1088,1088,6,2024-07-26 18:36:01.000,4,4,5,9
1089,1089,3,2024-07-26 14:20:22.000,5,4,5,9
1090,1090,7,2024-07-26 03:22:34.000,4,4,4,8
1091,1091,4,2024-07-25 14:19:41.000,4,5,4,9
1092,1092,8,2024-07-25 13:03:36.000,4,3,5,8
1093,1093,6,2024-07-24 08:10:45.000,5,5,4,9
1094,1094,5,2024-07-24 07:54:23.000,5,5,5,10
1095,1095,5,2024-07-24 01:56:26.000,5,5,5,10
1096,1096,4,2024-07-24 00:46:43.000,5,5,4,9
1097,1097,5,2024-07-23 17:41:01.000,4,5,4,9
1098,1098,1,2024-07-23 14:15:01.000,4,4,4,8
1099,1099,5,2024-07-23 13:39:28.000,4,2,4,6
1100,1100,1,2024-07-22 23:36:59.000,4,3,4,7
1101,1101,5,2024-07-22 11:57:55.000,5,5,3,8
1102,1102,5,2024-07-22 10:09:16.000,3,5,4,9
1103,1103,5,2024-07-22 08:09:17.000,2,2,5,7
1104,1104,1,2024-07-22 00:34:28.000,4,5,4,9
1105,1105,8,2024-07-21 19:48:16.000,5,4,4,8
1106,1106,2,2024-07-21 08:10:09.000,2,3,3,6
1107,1107,5,2024-07-20 22:38:27.000,5,5,4,9
1108,1108,6,2024-07-20 16:33:59.000,5,5,4,9
1109,1109,8,2024-07-20 16:32:28.000,2,2,3,5
1110,1110,3,2024-07-20 07:59:09.000,4,4,4,8
1111,1111,5,2024-07-20 00:23:56.000,3,5,4,9
1112,1112,5,2024-07-19 15:18:18.000,5,5,4,9
1113,1113,3,2024-07-19 05:50:26.000,5,5,5,10
1114,1114,4,2024-07-19 00:02:02.000,4,4,5,9
1115,1115,7,2024-07-18 23:58:39.000,3,2,2,4
1116,1116,1,2024-07-18 23:52:12.000,4,5,5,10
1117,1117,5,2024-07-18 22:28:30.000,3,4,4,8
1118,1118,5,2024-07-18 20:31:59.000,4,5,4,9
1119,1119,3,2024-07-18 19:47:56.000,4,4,4,8
1120,1120,9,2024-07-17 19:56:26.000,5,3,5,8
1121,1121,5,2024-07-17 16:14:19.000,3,4,5,9
1122,1122,5,2024-07-17 08:15:16.000,5,5,5,10
1123,1123,3,2024-07-17 07:48:37.000,5,5,5,10
1124,1124,1,2024-07-17 00:56:22.000,5,4,4,8
1125,1125,7,2024-07-16 22:24:55.000,5,5,4,9
1126,1126,5,2024-07-16 18:50:30.000,3,2,3,5
1127,1127,6,2024-07-16 08:40:11.000,4,5,4,9
1128,1128,1,2024-07-16 02:29:59.000,4,4,4,8
